Round table,https://ii1.pepperfry.com/media/wysiwyg/banners/Trend_shape_web_21122021_2.jpg,2000,20,tables
Black Ergonomic chair ,https://ii2.pepperfry.com/media/catalog/product/i/n/494x544/ine-mid-back-ergonomic-chair-in-black-colour-by-valuewud-ine-mid-back-ergonomic-chair-in-black-colou-ydq0mb.jpg,4200,19,chairs
Bean Bag ,https://ii3.pepperfry.com/media/wysiwyg/banners/wfh_handpicked_web_21012022_2.jpg,3200,14,Bags
Wall Clock,https://ii1.pepperfry.com/media/wysiwyg/banners/wfh_handpicked_web_21012022_3.jpg,1600,20,Clocks
Photo frame,https://ii1.pepperfry.com/media/wysiwyg/banners/wfh_let_sget_web_21012022_3.jpg,900,27,frames
Golden coated Photo frame,https://images.unsplash.com/photo-1560828343-a0b3d8864d1b?ixlib=rb-1.2.1&ixid=MnwxMjA3fDB8MHxzZWFyY2h8Mnx8ZnJhbWVzfGVufDB8fDB8fA%3D%3D&auto=format&fit=crop&w=1000&q=60,1250,19,frames
Simple photo frame,https://images.unsplash.com/photo-1582053628662-c65b0e0544e9?ixlib=rb-1.2.1&ixid=MnwxMjA3fDB8MHxzZWFyY2h8Nnx8ZnJhbWVzfGVufDB8fDB8fA%3D%3D&auto=format&fit=crop&w=1000&q=60,999,20,frames
Photo frame in bed,https://images.unsplash.com/photo-1571907483083-af70aeda3285?ixlib=rb-1.2.1&ixid=MnwxMjA3fDB8MHxzZWFyY2h8MjB8fGZyYW1lc3xlbnwwfHwwfHw%3D&auto=format&fit=crop&w=1000&q=60,899,15,frames
wall photo frame  ,https://media.istockphoto.com/photos/empty-gold-ornate-picture-frame-with-white-background-picture-id182391849?b=1&k=20&m=182391849&s=170667a&w=0&h=haFhqVLDz4H9f8FkMTAPDYO_p2gqYg5Wq5sYl4aX1ao=,699,29,frames
 chair with out support,https://images.unsplash.com/photo-1581539250439-c96689b516dd?ixlib=rb-1.2.1&ixid=MnwxMjA3fDB8MHxzZWFyY2h8MXx8Y2hhaXJ8ZW58MHx8MHx8&auto=format&fit=crop&w=1000&q=60,899,18,chairs
wodden chair ,https://images.unsplash.com/photo-1549497538-303791108f95?ixlib=rb-1.2.1&ixid=MnwxMjA3fDB8MHxzZWFyY2h8M3x8Y2hhaXJ8ZW58MHx8MHx8&auto=format&fit=crop&w=1000&q=60,899,18,chairs
royal wodden chair,https://images.unsplash.com/photo-1594224457860-23bdb45f8e3d?ixlib=rb-1.2.1&ixid=MnwxMjA3fDB8MHxzZWFyY2h8Nnx8Y2hhaXJ8ZW58MHx8MHx8&auto=format&fit=crop&w=1000&q=60,967,27,chairs
black support chair,https://images.unsplash.com/photo-1592078615290-033ee584e267?ixlib=rb-1.2.1&ixid=MnwxMjA3fDB8MHxzZWFyY2h8OHx8Y2hhaXJ8ZW58MHx8MHx8&auto=format&fit=crop&w=1000&q=60,599,25,chairs
pink cool chair,https://images.unsplash.com/photo-1586158291800-2665f07bba79?ixlib=rb-1.2.1&ixid=MnwxMjA3fDB8MHxzZWFyY2h8MTB8fGNoYWlyfGVufDB8fDB8fA%3D%3D&auto=format&fit=crop&w=1000&q=60,1599,26,chairs
chair with support,https://images.unsplash.com/photo-1598300042247-d088f8ab3a91?ixlib=rb-1.2.1&ixid=MnwxMjA3fDB8MHxzZWFyY2h8MTN8fGNoYWlyfGVufDB8fDB8fA%3D%3D&auto=format&fit=crop&w=1000&q=60,1299,16,chairs
Dream catcher,https://media.istockphoto.com/photos/dreamcatcher-picture-id185007676?s=612x612,300,25,wall hangings
Drapes,https://images.unsplash.com/photo-1507452786732-f2dc0a2e7b7f?ixlib=rb-1.2.1&ixid=MnwxMjA3fDB8MHxwaG90by1wYWdlfHx8fGVufDB8fHx8&auto=format&fit=crop&w=827&q=80,1200,20,window coverings
curtains,https://images.unsplash.com/photo-1528822855841-e8bf3134cdc9?ixlib=rb-1.2.1&ixid=MnwxMjA3fDB8MHxwaG90by1wYWdlfHx8fGVufDB8fHx8&auto=format&fit=crop&w=435&q=80,500,30,window coverings
roller blinds,"https://assets.myntassets.com/dpr_1.5,q_60,w_400,c_limit,fl_progressive/assets/images/18308766/2022/5/18/fd65c71c-3cc1-4e22-9218-e40094897a391652857234864CurtainsandSheers1.jpg",1500,30,window coverings
Blinds,https://5.imimg.com/data5/LB/XF/TC/SELLER-41864412/blinds-500x500.jpg,1000,25,window coverings
Regular Dressing Table,https://images.woodenstreet.de/image/data%2Fdressing-tables-mdf%2Fcara-dressing-table%2Frevised%2FDual+finish%2Ffront-2.jpg,5000,20,Dressing Table
White Royal Dressing Table,https://image.made-in-china.com/2f0j00pWgYarFGBtbU/Luxury-Hotel-Modern-Bedroom-Furniture-Dressing-Table-Dresser.jpg,10000,25,Dressing Table
Round Mirror Dressing Table,https://encrypted-tbn0.gstatic.com/images?q=tbn:ANd9GcT0IczcnDulmALw3VMRVT8z1tiqGUqPCZ1gkQ&usqp=CAU,8000,32,Dressing Table
Lights Dressing Table,https://assets-news.housing.com/news/wp-content/uploads/2022/01/20113224/Wardrobe-with-dressing-table-designs-ideas-FB-1200x700-compressed.jpg,7500,25,Dressing Table
Red Wall Stickers,https://assetscdn1.paytm.com/images/catalog/product/H/HO/HOMRED-AND-BLACPAPE371890FB6ECBE1/1563042748091_0..jpg,200,30,Home Decor
Tree Wall Stickers,https://cdn.shopify.com/s/files/1/1306/4195/products/wallmantra-wall-stickers-family-photo-frame-tree-wall-sticker-self-adhesive-quality-vinyl-22008820301990.jpg?v=1628577662,250,25,Home Decor
3D Wall Sticker,https://m.media-amazon.com/images/I/91cDECw2RjL._AC_SL1500_.jpg,350,35,Home Decor
Birds Wall Sticker,https://encrypted-tbn0.gstatic.com/images?q=tbn:ANd9GcTkXB9JnoidPmwWR0lNWmv4EFJtGjiRQdFNqg&usqp=CAU,200,32,Home Decor
6  Bells,https://m.media-amazon.com/images/I/81pgl8E0ejL.jpg,500,22,wall hangings
5 Bells,https://5.imimg.com/data5/TP/XF/MY-13301315/tower-bells-home-yard-garden-hanging-decor-500x500.jpg,300,30,wall hangings
spiral bell hanging,https://i.pinimg.com/736x/88/90/a0/8890a0d518cd3a6b889b3a90ebf0e8ad.jpg,350,28,wall hangings
star bell hanging,https://img.joomcdn.net/3e47ca0e887986e32ff0430923b2243497f6cf73_1024_1024.jpeg,200,20,wall hangings
multi colour dream catcher,https://media.istockphoto.com/photos/handmade-dream-catchers-picture-id1306289547?s=612x612,250,30,wall hangings
small multi colour dream catcher,https://images.unsplash.com/photo-1545457903-083e545e57d1?ixlib=rb-1.2.1&ixid=MnwxMjA3fDB8MHxwaG90by1wYWdlfHx8fGVufDB8fHx8&auto=format&fit=crop&w=416&q=80,150,35,wall hangings
crescent wind chime,https://ii1.pepperfry.com/media/catalog/product/w/h/800x880/white-metal-horizontal-mini-elephants-windchime-by--home-white-metal-horizontal-mini-elephants-windc-af5v1z.jpg,300,40,wall hangings
Black and White plant pot,https://media.istockphoto.com/photos/empty-plastic-flower-pot-isolated-on-white-background-picture-id1302550260?s=612x612,250,20,Home Decor
plant pots combo(pink and white) ,https://images.unsplash.com/photo-1604762525953-2c80447cc4a6?ixlib=rb-1.2.1&ixid=MnwxMjA3fDB8MHxwaG90by1wYWdlfHx8fGVufDB8fHx8&auto=format&fit=crop&w=387&q=80,600,25,Home Decor
Hanging pot,https://images.unsplash.com/photo-1589523795613-c3fce27eea23?ixlib=rb-1.2.1&ixid=MnwxMjA3fDB8MHxwaG90by1wYWdlfHx8fGVufDB8fHx8&auto=format&fit=crop&w=1887&q=80,200,30,Home Decor
Round Black pot,https://images.unsplash.com/photo-1448697138198-9aa6d0d84bf4?ixlib=rb-1.2.1&ixid=MnwxMjA3fDB8MHxwaG90by1wYWdlfHx8fGVufDB8fHx8&auto=format&fit=crop&w=870&q=80,400,35,Home Decor
square shaped  pot,https://images.unsplash.com/photo-1516048015710-7a3b4c86be43?ixlib=rb-1.2.1&ixid=MnwxMjA3fDB8MHxwaG90by1wYWdlfHx8fGVufDB8fHx8&auto=format&fit=crop&w=725&q=80,600,40,Home Decor
plant pot,https://images.unsplash.com/photo-1563917774416-9f516a3b2fad?ixlib=rb-1.2.1&ixid=MnwxMjA3fDB8MHxwaG90by1wYWdlfHx8fGVufDB8fHx8&auto=format&fit=crop&w=387&q=80,100,50,Home Decor
Blue and White curtains,https://ii1.pepperfry.com/media/catalog/product/b/l/800x880/blue-semisheer-polyester-9-feet-eyelet-long-door-curtains-set-of-2-by-cortina-blue-semisheer-polyest-zqnjpb.jpg,1000,20,window coverings
White Floral print curtains,https://ii1.pepperfry.com/media/catalog/product/b/e/800x880/beige-polyester-florals-5ft-blackout-eyelet-windowcurtain-by-ariana-beige-polyester-florals-5ft-blac-dmqemy.jpg,2000,25,window coverings
black roller blinds,https://ii1.pepperfry.com/media/catalog/product/c/h/800x880/chic-corded---84x54-roller-blind-by--decowindow-chic-corded---84x54-roller-blind-by--decowindow-0hepxw.jpg,1500,30,window coverings
modern dressing table,https://ii1.pepperfry.com/media/catalog/product/f/l/800x880/flora-3-dressing-table-in-wallnut---white-finish-by-crystal-furnitech-flora-3-dressing-table-in-wall-xg3b63.jpg,20000,25,Dressing Table
study table with chair,https://ii1.pepperfry.com/media/catalog/product/k/o/800x880/kosmo-x1-sheesham-finish-study-desk-kosmo-x1-sheesham-finish-study-desk-7qwzcc.jpg,20000,30,tables
Study Table with lamp,https://ii1.pepperfry.com/media/catalog/product/p/a/800x880/parrot-study-table-in-green-colour-by-a-globia-creations-parrot-study-table-in-green-colour-by-a-glo-65emmy.jpg,10000,20,tables
4 Seater Dining table ,https://ii1.pepperfry.com/media/catalog/product/j/a/800x880/janet-4-seater-dining-set-in-black-colour-by--home-janet-4-seater-dining-set-in-black-colour-by--hom-6oyfzy.jpg,15000,25,tables
6 Seater Dining Table,https://ii1.pepperfry.com/media/catalog/product/h/a/800x880/haruka-6-seater-dining-set-in-walnut---sky-blue-finish-by-casacraft-haruka-6-seater-dining-set-in-wa-9vbvhl.jpg,30000,30,tables
Round Dining Table,https://ii1.pepperfry.com/media/catalog/product/c/o/800x880/corona-4-seater-dining-set-in-white-colour-by-hometown-corona-4-seater-dining-set-in-white-colour-by-myknvo.jpg,5000,20,tables
square dining table,https://ii1.pepperfry.com/media/catalog/product/j/e/800x880/jenna-dining-set-in-black-by-durian-jenna-dining-set-in-black-by-durian-hepwa1.jpg,10000,20,tables
om wind chime,https://ii1.pepperfry.com/media/catalog/product/g/o/800x880/gold-copper-bells-wind-chime-by-unravel-india-gold-copper-bells-wind-chime-by-unravel-india-yodkgr.jpg,400,25,wall hangings
Star wind chime,https://ii1.pepperfry.com/media/catalog/product/g/o/800x880/gold-copper-bells-wind-chime-by-unravel-india-gold-copper-bells-wind-chime-by-unravel-india-fppv1y.jpg,500,30,wall hangings
Simple study table,https://ii1.pepperfry.com/media/catalog/product/g/e/800x880/genki-study-table-in-wenge-finish--by-valuewud-genki-study-table-in-wenge-finish--by-valuewud-kfpjn7.jpg,3000,35,tables
Bean Bag Combo(Pack of 3),https://media.istockphoto.com/photos/beanbag-picture-id609629222?s=612x612,1500,25,Bags
Black and White Bean Bag,https://media.istockphoto.com/photos/small-terrier-dog-sleeps-on-a-beanbag-in-the-living-room-picture-id1328288562?s=612x612,1000,30,Bags
Yellow Bean Bag,https://media.istockphoto.com/photos/ottoman-or-bag-chair-in-the-room-background-with-copy-space-for-text-picture-id1365229391?s=612x612,600,40,Bags
Green Bean Bag,https://media.istockphoto.com/photos/studio-shot-of-a-green-beanbag-chair-picture-id520877738?s=612x612,700,30,Bags
Red Bean Bag,https://media.istockphoto.com/photos/red-beanbag-isolated-picture-id503208453?s=612x612,600,35,Bags
Vintage clocks combo,https://images.unsplash.com/photo-1522339419089-3e2604cc8a9d?ixlib=rb-1.2.1&ixid=MnwxMjA3fDB8MHxwaG90by1wYWdlfHx8fGVufDB8fHx8&auto=format&fit=crop&w=857&q=80,3000,30,Clocks
Butterfly wall clock,https://media.istockphoto.com/photos/wallclock-butterfly-design-picture-id1357363237?s=612x612,1500,35,Clocks
Table clock,https://images.unsplash.com/photo-1527434284315-fadc3143d9f2?ixlib=rb-1.2.1&ixid=MnwxMjA3fDB8MHxwaG90by1wYWdlfHx8fGVufDB8fHx8&auto=format&fit=crop&w=870&q=80,1000,20,Clocks
Alarm clock,https://images.unsplash.com/photo-1462885928573-b5d04c6855de?ixlib=rb-1.2.1&ixid=MnwxMjA3fDB8MHxwaG90by1wYWdlfHx8fGVufDB8fHx8&auto=format&fit=crop&w=870&q=80,300,40,Clocks
Stylish wall clock,https://images.unsplash.com/photo-1573665703669-2b696af53b86?ixlib=rb-1.2.1&ixid=MnwxMjA3fDB8MHxwaG90by1wYWdlfHx8fGVufDB8fHx8&auto=format&fit=crop&w=649&q=80,1500,30,Clocks
6x6 Cushion Bed,https://images.unsplash.com/photo-1505693416388-ac5ce068fe85?ixlib=rb-1.2.1&ixid=MnwxMjA3fDB8MHxwaG90by1wYWdlfHx8fGVufDB8fHx8&auto=format&fit=crop&w=870&q=80,40000,35,Beds
Simple Bed,https://images.unsplash.com/flagged/photo-1556438758-8d49568ce18e?ixlib=rb-1.2.1&ixid=MnwxMjA3fDB8MHxwaG90by1wYWdlfHx8fGVufDB8fHx8&auto=format&fit=crop&w=874&q=80,20000,30,Beds
5x6 Cushion Bed,https://images.unsplash.com/photo-1560184897-502a475f7a0d?ixlib=rb-1.2.1&ixid=MnwxMjA3fDB8MHxwaG90by1wYWdlfHx8fGVufDB8fHx8&auto=format&fit=crop&w=870&q=80,30000,35,Beds
Single cot Bed combo,https://images.unsplash.com/photo-1603072387865-e48a022fc541?ixlib=rb-1.2.1&ixid=MnwxMjA3fDB8MHxwaG90by1wYWdlfHx8fGVufDB8fHx8&auto=format&fit=crop&w=870&q=80,30000,40,Beds
Double cot bed,https://images.unsplash.com/photo-1578898887932-dce23a595ad4?ixlib=rb-1.2.1&ixid=MnwxMjA3fDB8MHxwaG90by1wYWdlfHx8fGVufDB8fHx8&auto=format&fit=crop&w=387&q=80,20000,30,Beds
Basic Bed,https://media.istockphoto.com/photos/modern-nautical-style-interior-of-hotel-apartment-white-bedroom-with-picture-id1292480225?s=612x612,15000,40,Beds
Brown sofa,https://images.unsplash.com/photo-1540574163026-643ea20ade25?ixlib=rb-1.2.1&ixid=MnwxMjA3fDB8MHxwaG90by1wYWdlfHx8fGVufDB8fHx8&auto=format&fit=crop&w=2070&q=80,30000,35,Sofas
Blue sofa,https://images.unsplash.com/photo-1555041469-a586c61ea9bc?ixlib=rb-1.2.1&ixid=MnwxMjA3fDB8MHxwaG90by1wYWdlfHx8fGVufDB8fHx8&auto=format&fit=crop&w=870&q=80,35000,39,Sofas
White Sofa,https://images.unsplash.com/photo-1615800002234-05c4d488696c?ixlib=rb-1.2.1&ixid=MnwxMjA3fDB8MHxwaG90by1wYWdlfHx8fGVufDB8fHx8&auto=format&fit=crop&w=387&q=80,40000,40,Sofas
Black sofa,https://images.unsplash.com/photo-1550581190-9c1c48d21d6c?ixlib=rb-1.2.1&ixid=MnwxMjA3fDB8MHxwaG90by1wYWdlfHx8fGVufDB8fHx8&auto=format&fit=crop&w=809&q=80,50000,30,Sofas
yellow sofa,https://images.unsplash.com/photo-1558211583-d26f610c1eb1?ixlib=rb-1.2.1&ixid=MnwxMjA3fDB8MHxwaG90by1wYWdlfHx8fGVufDB8fHx8&auto=format&fit=crop&w=806&q=80,30000,35,Sofas
Vintage sofa,https://images.unsplash.com/photo-1619389735429-fe80000e7e53?ixlib=rb-1.2.1&ixid=MnwxMjA3fDB8MHxwaG90by1wYWdlfHx8fGVufDB8fHx8&auto=format&fit=crop&w=761&q=80,35000,40,Sofas
modern white sofa,https://images.unsplash.com/photo-1564078516393-cf04bd966897?ixlib=rb-1.2.1&ixid=MnwxMjA3fDB8MHxwaG90by1wYWdlfHx8fGVufDB8fHx8&auto=format&fit=crop&w=387&q=80,50000,30,Sofas
hanging bulb,https://images.unsplash.com/photo-1515948725-edac7b5bb0fc?ixlib=rb-1.2.1&ixid=MnwxMjA3fDB8MHxwaG90by1wYWdlfHx8fGVufDB8fHx8&auto=format&fit=crop&w=388&q=80,3000,50,lights
Single hanging light,https://images.unsplash.com/photo-1502743780242-f10d2ce370f3?ixlib=rb-1.2.1&ixid=MnwxMjA3fDB8MHxwaG90by1wYWdlfHx8fGVufDB8fHx8&auto=format&fit=crop&w=831&q=80,1000,30,lights
Blue Hanging bulb,https://images.unsplash.com/photo-1573689768803-192c737de7f8?ixlib=rb-1.2.1&ixid=MnwxMjA3fDB8MHxwaG90by1wYWdlfHx8fGVufDB8fHx8&auto=format&fit=crop&w=387&q=80,2000,40,lights
Hanging light,https://images.unsplash.com/photo-1482350325005-eda5e677279b?ixlib=rb-1.2.1&ixid=MnwxMjA3fDB8MHxwaG90by1wYWdlfHx8fGVufDB8fHx8&auto=format&fit=crop&w=387&q=80,1000,35,lights
disc shape hanging light,https://images.unsplash.com/photo-1568146687696-427782f92379?ixlib=rb-1.2.1&ixid=MnwxMjA3fDB8MHxwaG90by1wYWdlfHx8fGVufDB8fHx8&auto=format&fit=crop&w=282&q=80,1500,50,lights
Bottle hanging lights,https://images.unsplash.com/photo-1577156359864-0dbcae08713d?ixlib=rb-1.2.1&ixid=MnwxMjA3fDB8MHxwaG90by1wYWdlfHx8fGVufDB8fHx8&auto=format&fit=crop&w=327&q=80,5000,40,lights
Hanging lights set,https://images.unsplash.com/photo-1606646286502-181efe8c6964?ixlib=rb-1.2.1&ixid=MnwxMjA3fDB8MHxwaG90by1wYWdlfHx8fGVufDB8fHx8&auto=format&fit=crop&w=774&q=80,5500,45,lights
Table lamp,https://images.unsplash.com/photo-1580130281320-0ef0754f2bf7?ixlib=rb-1.2.1&ixid=MnwxMjA3fDB8MHxwaG90by1wYWdlfHx8fGVufDB8fHx8&auto=format&fit=crop&w=1780&q=80,2500,30,lights
Study lamp,https://images.unsplash.com/photo-1551380701-5dd33d5b5d06?ixlib=rb-1.2.1&ixid=MnwxMjA3fDB8MHxwaG90by1wYWdlfHx8fGVufDB8fHx8&auto=format&fit=crop&w=387&q=80,2000,40,lights
spherical lED lamp,https://images.unsplash.com/photo-1585128719715-46776b56a0d1?ixlib=rb-1.2.1&ixid=MnwxMjA3fDB8MHxwaG90by1wYWdlfHx8fGVufDB8fHx8&auto=format&fit=crop&w=387&q=80,3000,35,lights
Bed lamp,https://images.unsplash.com/photo-1596463437564-402b69438d88?ixlib=rb-1.2.1&ixid=MnwxMjA3fDB8MHxwaG90by1wYWdlfHx8fGVufDB8fHx8&auto=format&fit=crop&w=774&q=80,3500,50,lights
Glass Table lamp,https://images.unsplash.com/photo-1579656618142-5192f72e2d3d?ixlib=rb-1.2.1&ixid=MnwxMjA3fDB8MHxwaG90by1wYWdlfHx8fGVufDB8fHx8&auto=format&fit=crop&w=387&q=80,4000,40,lights
balck and Cream Table lamp,https://images.unsplash.com/photo-1636649083730-28ca002803ea?ixlib=rb-1.2.1&ixid=MnwxMjA3fDB8MHxwaG90by1wYWdlfHx8fGVufDB8fHx8&auto=format&fit=crop&w=1935&q=80,3500,35,lights
Glass Flower Vase,https://images.unsplash.com/photo-1603178455924-ef33372953bb?ixlib=rb-1.2.1&ixid=MnwxMjA3fDB8MHxwaG90by1wYWdlfHx8fGVufDB8fHx8&auto=format&fit=crop&w=436&q=80,2500,30,Home Decor
White FlowerVase combo,https://images.unsplash.com/photo-1498480086004-2400bd8c3663?ixlib=rb-1.2.1&ixid=MnwxMjA3fDB8MHxwaG90by1wYWdlfHx8fGVufDB8fHx8&auto=format&fit=crop&w=870&q=80,4000,35,Home Decor
White Flower Vase,https://images.unsplash.com/photo-1588874133473-d6d9c9dd4f31?ixlib=rb-1.2.1&ixid=MnwxMjA3fDB8MHxwaG90by1wYWdlfHx8fGVufDB8fHx8&auto=format&fit=crop&w=388&q=80,3000,30,Home Decor
Blue Vase,https://images.unsplash.com/photo-1603252711728-c430e4cf5b36?ixlib=rb-1.2.1&ixid=MnwxMjA3fDB8MHxwaG90by1wYWdlfHx8fGVufDB8fHx8&auto=format&fit=crop&w=1887&q=80,2500,49,Home Decor
Small glass vases combo,https://images.unsplash.com/photo-1593274002687-e4b7f28621f1?ixlib=rb-1.2.1&ixid=MnwxMjA3fDB8MHxwaG90by1wYWdlfHx8fGVufDB8fHx8&auto=format&fit=crop&w=435&q=80,3000,50,Home Decor
small designed white vase,https://images.unsplash.com/photo-1596301538961-fcad89e0e68a?ixlib=rb-1.2.1&ixid=MnwxMjA3fDB8MHxwaG90by1wYWdlfHx8fGVufDB8fHx8&auto=format&fit=crop&w=387&q=80,1500,35,Home Decor
printed photo frame,https://ii1.pepperfry.com/media/catalog/product/s/u/800x880/sunshine-photo-frame-in-blue-colour-by-ivharga-sunshine-photo-frame-in-blue-colour-by-ivharga-2bxsio.jpg,700,40,frames
chain photo frame,https://ii1.pepperfry.com/media/catalog/product/b/l/800x880/black---white-sythetic-wood-wall-hanging-clip-photo-frame-by-art-street-black---white-sythetic-wood--ebye0n.jpg,999,35,frames
photo frame combo,https://ii1.pepperfry.com/media/catalog/product/r/o/800x880/rosewood-synthetic-wood-set-of-2-table-photo-frames-by-random-rosewood-synthetic-wood-set-of-2-table-d6ocro.jpg,500,40,frames
pentagon frame,https://ii1.pepperfry.com/media/catalog/product/w/h/800x880/white-sythetic-wood-hut-shape-clip-photo-frame-by-art-street-white-sythetic-wood-hut-shape-clip-phot-fas4ur.jpg,400,50,frames
Black metal frame,https://ii1.pepperfry.com/media/catalog/product/b/l/800x880/black-metal-slanted-geo-photo-frame-by-oddcroft-black-metal-slanted-geo-photo-frame-by-oddcroft-p9tmfn.jpg,600,35,frames
